rollback_classification,source_dir,project_slug,owner_repo,commit_version,run_dir,first_non_adjacent_target_block,first_non_adjacent_block,first_non_adjacent_skipped_blocks
insufficient_block_data,projects-repo2run,LazyLLM,,,projects-repo2run/LazyLLM/.pheragent/runs/repo2run-gpt-4o-20241120-lazyllm,,,
insufficient_block_data,setupbench-runs-all-gpt-4.1,johnpapa-vscode-angular-snippets,johnpapa/vscode-angular-snippets,1551fe19c3d8a915b5978c0f143279021fa66e84,setupbench-runs-all-gpt-4.1/state/johnpapa-vscode-angular-snippets/vscode-angular-snippets/runs/setupbench-vscode-angular-snippets,,,
insufficient_block_data,setupbench-runs-all-gpt-4.1,servo-servo,servo/servo,e199a67dac1aa3c74fb86f103c13ae78ce523f20,setupbench-runs-all-gpt-4.1/state/servo-servo/servo/runs/setupbench-servo,,,
insufficient_block_data,setupbench-runs-all-gpt-4.1-2rerun,monero-project-monero,monero-project/monero,84685492e63867b72fc6412093273ecd625190d1,setupbench-runs-all-gpt-4.1-2rerun/state/monero-project-monero/monero/runs/setupbench-monero,,,
insufficient_block_data,setupbench-runs-all-gpt-4.1-2rerun,openai-openai-node,openai/openai-node,8958d9711b66e0cbacf816b7b4538217016beb0b,setupbench-runs-all-gpt-4.1-2rerun/state/openai-openai-node/openai-node/runs/setupbench-openai-node,,,
insufficient_block_data,setupbench-runs-all-gpt-4.1-2rerun,ta-lib-ta-lib-python,TA-Lib/ta-lib-python,0c957ed45e6371925cf0e4f44cc06833306c659c,setupbench-runs-all-gpt-4.1-2rerun/state/ta-lib-ta-lib-python/ta-lib-python/runs/setupbench-ta-lib-python,,,
insufficient_checkpoint_data,setupbench-runs-all-gpt-4.1,python-hyper-rfc3986,python-hyper/rfc3986,75e77baed146976442bb11d4adda0eb322c6a6b5,setupbench-runs-all-gpt-4.1/state/python-hyper-rfc3986/rfc3986/runs/setupbench-rfc3986,,,
non_adjacent_block_rollback,executionagent-runs-gpt4o,google-guava,google/guava,bcc93d2336071021352a39cb8bd7227bcf537182,executionagent-runs-gpt4o/state/google-guava/guava/runs/executionagent-gpt4o-guava,00-preflight,20-java-runtime,01-java-deps
non_adjacent_block_rollback,executionagent-runs-gpt4o,keras-team-keras,keras-team/keras,12401004073345c30917d43f0a5ba3a473ebe8b1,executionagent-runs-gpt4o/state/keras-team-keras/keras/runs/executionagent-gpt4o-keras,00-preflight,10-system-packages,01-python-deps
non_adjacent_block_rollback,executionagent-runs-gpt54,apache-rocketmq,apache/rocketmq,beee84fa44a064b10ada99bc655fb707c1f772f2,executionagent-runs-gpt54/state/apache-rocketmq/rocketmq/runs/executionagent-rocketmq,00-preflight,10-system-packages,01-system-deps;02-language-deps;03-build-test-prep
non_adjacent_block_rollback,executionagent-runs-gpt54,django-django,django/django,e95468ed97b1c250939da316218c39dad577ba32,executionagent-runs-gpt54/state/django-django/django/runs/executionagent-django,00-preflight,10-system-packages,01-system-deps;02-language-deps;03-build-test-prep
non_adjacent_block_rollback,executionagent-runs-gpt54,dmlc-xgboost,dmlc/xgboost,e8fa612c9cfedd451958052422abadc0486dd937,executionagent-runs-gpt54/state/dmlc-xgboost/xgboost/runs/executionagent-xgboost,00-preflight,10-system-packages,10-system-deps;20-language-deps;30-build-test-prep
non_adjacent_block_rollback,executionagent-runs-gpt54,facebook-react,facebook/react,b061b597f77c979531a3f2c9c04ba435342b0043,executionagent-runs-gpt54/state/facebook-react/react/runs/executionagent-react,00-preflight,20-node-runtime,01-system-deps;02-language-deps;03-build-test-prep
non_adjacent_block_rollback,executionagent-runs-gpt54,google-guava,google/guava,bcc93d2336071021352a39cb8bd7227bcf537182,executionagent-runs-gpt54/state/google-guava/guava/runs/executionagent-guava,00-preflight,10-system-packages,01-system-deps;02-language-deps;03-build-test-prep
non_adjacent_block_rollback,executionagent-runs-gpt54,keras-team-keras,keras-team/keras,12401004073345c30917d43f0a5ba3a473ebe8b1,executionagent-runs-gpt54/state/keras-team-keras/keras/runs/executionagent-keras,00-preflight,10-system-packages,01-system-deps;02-python-deps;03-build-test-prep
non_adjacent_block_rollback,executionagent-runs-gpt54,mermaid-js-mermaid,mermaid-js/mermaid,019ee818db2648a1856f2f18533fa62a7d8fbb49,executionagent-runs-gpt54/state/mermaid-js-mermaid/mermaid/runs/executionagent-mermaid,00-preflight,20-node-runtime,01-system-deps;02-language-deps;03-build-test-prep
non_adjacent_block_rollback,executionagent-runs-gpt54,nestjs-nest,nestjs/nest,845993d22a8c8be94986509fec4780027dfdbd53,executionagent-runs-gpt54/state/nestjs-nest/nest/runs/executionagent-nest,00-preflight,20-node-runtime,01-system-deps;02-language-deps;03-build-test-prep
non_adjacent_block_rollback,executionagent-runs-gpt54,pandas-dev-pandas,pandas-dev/pandas,944c527c0a7488df038b545f1ff38affae2f648c,executionagent-runs-gpt54/state/pandas-dev-pandas/pandas/runs/executionagent-pandas,00-preflight,20-python-runtime,01-system-deps;02-python-deps;03-build-test-prep
non_adjacent_block_rollback,executionagent-runs-gpt54,pytest-dev-pytest,pytest-dev/pytest,fa6a232d529b33f6388dc788d7613cf206c08130,executionagent-runs-gpt54/state/pytest-dev-pytest/pytest/runs/executionagent-pytest,00-preflight,20-python-runtime,01-system-deps;02-language-deps;03-build-test-prep
non_adjacent_block_rollback,executionagent-runs-gpt54,reactivex-rxjava,ReactiveX/RxJava,6b28009fd08563eed648334d3d030acdd12818d3,executionagent-runs-gpt54/state/reactivex-rxjava/RxJava/runs/executionagent-rxjava,00-preflight,10-system-packages,01-system-deps;02-language-deps;03-build-test-prep
non_adjacent_block_rollback,executionagent-runs-gpt54,scikit-learn-scikit-learn,scikit-learn/scikit-learn,a1cae3ea26d4703f7eedd79464c18e6825c8f2cc,executionagent-runs-gpt54/state/scikit-learn-scikit-learn/scikit-learn/runs/executionagent-scikit-learn,00-preflight,20-python-runtime,01-system-deps;02-python-deps;03-build-test-prep
non_adjacent_block_rollback,executionagent-runs-gpt54,scipy-scipy,scipy/scipy,a2da2bdbe85a1e46b2b94e8b5c5569783d9e84bd,executionagent-runs-gpt54/state/scipy-scipy/scipy/runs/executionagent-scipy,00-preflight,10-system-packages,01-system-deps;02-python-deps;03-build-test-prep
non_adjacent_block_rollback,projects-repo2run,instructlab,,,projects-repo2run/instructlab/.pheragent/runs/repo2run-gpt-4o-20241120-instructlab,20-python-runtime,30-python-deps,50-test-tooling
previous_block_only_rollback,executionagent-runs-gpt4o,activiti-activiti,Activiti/Activiti,fdc35a408e03da2e034a17a54968750d111b17e6,executionagent-runs-gpt4o/state/activiti-activiti/Activiti/runs/executionagent-gpt4o-activiti,,,
previous_block_only_rollback,executionagent-runs-gpt4o,ansible-ansible,ansible/ansible,9f42cefca6d1e6eefb6b806108d7da4368439a0f,executionagent-runs-gpt4o/state/ansible-ansible/ansible/runs/executionagent-gpt4o-ansible,,,
previous_block_only_rollback,executionagent-runs-gpt4o,apache-flink,apache/flink,7ba97419d200adef672b67c52c2b5a79f277cfda,executionagent-runs-gpt4o/state/apache-flink/flink/runs/executionagent-gpt4o-flink,,,
previous_block_only_rollback,executionagent-runs-gpt4o,denoland-deno,denoland/deno,952963cb42b20cd9469a8b0349fb53b15ef95d1f,executionagent-runs-gpt4o/state/denoland-deno/deno/runs/executionagent-gpt4o-deno,,,
previous_block_only_rollback,executionagent-runs-gpt4o,facebook-react-native,facebook/react-native,0fabe263ccfae250695a0e96fe4ae924da82b533,executionagent-runs-gpt4o/state/facebook-react-native/react-native/runs/executionagent-gpt4o-react-native,,,
previous_block_only_rollback,executionagent-runs-gpt4o,msgpack-msgpack-c,msgpack/msgpack-c,b0d379a6f29af7dd65423ff78a94de8948f01bd8,executionagent-runs-gpt4o/state/msgpack-msgpack-c/msgpack-c/runs/executionagent-gpt4o-msgpack-c,,,
previous_block_only_rollback,executionagent-runs-gpt4o,nestjs-nest,nestjs/nest,845993d22a8c8be94986509fec4780027dfdbd53,executionagent-runs-gpt4o/state/nestjs-nest/nest/runs/executionagent-gpt4o-nest,,,
previous_block_only_rollback,executionagent-runs-gpt4o,opencv-opencv,opencv/opencv,579dfb6e025c62acb16b7b3e1fe953030df68d40,executionagent-runs-gpt4o/state/opencv-opencv/opencv/runs/executionagent-gpt4o-opencv,,,
previous_block_only_rollback,executionagent-runs-gpt4o,pallets-flask,pallets/flask,2579ce9f18e67ec3213c6eceb5240310ccd46af8,executionagent-runs-gpt4o/state/pallets-flask/flask/runs/executionagent-gpt4o-flask,,,
previous_block_only_rollback,executionagent-runs-gpt4o,webpack-webpack,webpack/webpack,3c4319f30f573d68ef2e63826b4abcb6114886df,executionagent-runs-gpt4o/state/webpack-webpack/webpack/runs/executionagent-gpt4o-webpack,,,
previous_block_only_rollback,executionagent-runs-gpt54,activiti-activiti,Activiti/Activiti,fdc35a408e03da2e034a17a54968750d111b17e6,executionagent-runs-gpt54/state/activiti-activiti/Activiti/runs/executionagent-activiti,,,
previous_block_only_rollback,executionagent-runs-gpt54,apache-flink,apache/flink,7ba97419d200adef672b67c52c2b5a79f277cfda,executionagent-runs-gpt54/state/apache-flink/flink/runs/executionagent-flink,,,
previous_block_only_rollback,executionagent-runs-gpt54,ccache-ccache,ccache/ccache,7f3e822efb1bee779f8a520c5efb48ce33d1bfef,executionagent-runs-gpt54/state/ccache-ccache/ccache/runs/executionagent-ccache,,,
previous_block_only_rollback,executionagent-runs-gpt54,denoland-deno,denoland/deno,952963cb42b20cd9469a8b0349fb53b15ef95d1f,executionagent-runs-gpt54/state/denoland-deno/deno/runs/executionagent-deno,,,
previous_block_only_rollback,executionagent-runs-gpt54,distcc-distcc,distcc/distcc,a627b26f08cd08542f63829f7fd9cd0fea0523fd,executionagent-runs-gpt54/state/distcc-distcc/distcc/runs/executionagent-distcc,,,
previous_block_only_rollback,executionagent-runs-gpt54,freertos-freertos-kernel,FreeRTOS/FreeRTOS-Kernel,fed39c5ea7483dde7bf7c92950d49e6b75539f5a,executionagent-runs-gpt54/state/freertos-freertos-kernel/FreeRTOS-Kernel/runs/executionagent-freertos-kernel,,,
previous_block_only_rollback,executionagent-runs-gpt54,langchain-ai-langchain,langchain-ai/langchain,15cc090e52283e82007ae6f9202d556c02a1e136,executionagent-runs-gpt54/state/langchain-ai-langchain/langchain/runs/executionagent-langchain,,,
previous_block_only_rollback,executionagent-runs-gpt54,numpy-numpy,numpy/numpy,aa843d5af41179e66129ae7d30579c7556657ab8,executionagent-runs-gpt54/state/numpy-numpy/numpy/runs/executionagent-numpy,,,
previous_block_only_rollback,executionagent-runs-gpt54,opencv-opencv,opencv/opencv,579dfb6e025c62acb16b7b3e1fe953030df68d40,executionagent-runs-gpt54/state/opencv-opencv/opencv/runs/executionagent-opencv,,,
previous_block_only_rollback,executionagent-runs-gpt54,python-cpython,python/cpython,1eddef81930ad9f7e2f411f153c35af16a6edf14,executionagent-runs-gpt54/state/python-cpython/cpython/runs/executionagent-cpython,,,
previous_block_only_rollback,executionagent-runs-gpt54,spring-projects-spring-security,spring-projects/spring-security,0d5f42f8529c1e56886e91616b6ca7d30f15c65e,executionagent-runs-gpt54/state/spring-projects-spring-security/spring-security/runs/executionagent-spring-security,,,
previous_block_only_rollback,executionagent-runs-gpt54,twbs-bootstrap,twbs/bootstrap,e170268b3c021cdb2eec09df6f4ae6db3664a21a,executionagent-runs-gpt54/state/twbs-bootstrap/bootstrap/runs/executionagent-bootstrap,,,
previous_block_only_rollback,installamatic-runs,aimhubio-aim,aimhubio/aim,a566d4a,installamatic-runs/state/aimhubio-aim/aim/runs/installamatic-aim,,,
previous_block_only_rollback,installamatic-runs,boto-boto3,boto/boto3,4e31351,installamatic-runs/state/boto-boto3/boto3/runs/installamatic-boto3,,,
previous_block_only_rollback,installamatic-runs,cvhub520-x-anylabeling,CVHub520/X-AnyLabeling,7c62ffb,installamatic-runs/state/cvhub520-x-anylabeling/X-AnyLabeling/runs/installamatic-x-anylabeling,,,
previous_block_only_rollback,installamatic-runs,encode-starlette,encode/starlette,2d0dde8,installamatic-runs/state/encode-starlette/starlette/runs/installamatic-starlette,,,
previous_block_only_rollback,installamatic-runs,explosion-spacy,explosion/spaCy,30f1f33,installamatic-runs/state/explosion-spacy/spaCy/runs/installamatic-spacy,,,
previous_block_only_rollback,installamatic-runs,getmoto-moto,getmoto/moto,255d2b8,installamatic-runs/state/getmoto-moto/moto/runs/installamatic-moto,,,
previous_block_only_rollback,installamatic-runs,home-assistant-core,home-assistant/core,7555f20,installamatic-runs/state/home-assistant-core/core/runs/installamatic-core,,,
previous_block_only_rollback,installamatic-runs,jxnl-instructor,jxnl/instructor,959097e,installamatic-runs/state/jxnl-instructor/instructor/runs/installamatic-instructor,,,
previous_block_only_rollback,installamatic-runs,mandarons-icloud-drive-docker,mandarons/icloud-drive-docker,8cbcc2c,installamatic-runs/state/mandarons-icloud-drive-docker/icloud-drive-docker/runs/installamatic-icloud-drive-docker,,,
previous_block_only_rollback,installamatic-runs,microsoft-qlib,microsoft/qlib,ca9f186,installamatic-runs/state/microsoft-qlib/qlib/runs/installamatic-qlib,,,
previous_block_only_rollback,installamatic-runs,open-compass-opencompass,open-compass/opencompass,7c7fa36,installamatic-runs/state/open-compass-opencompass/opencompass/runs/installamatic-opencompass,,,
previous_block_only_rollback,installamatic-runs,pennylaneai-pennylane,PennyLaneAI/pennylane,b78565c,installamatic-runs/state/pennylaneai-pennylane/pennylane/runs/installamatic-pennylane,,,
previous_block_only_rollback,installamatic-runs,python-mypy,python/mypy,0c10367,installamatic-runs/state/python-mypy/mypy/runs/installamatic-mypy,,,
previous_block_only_rollback,installamatic-runs,sabnzbd-sabnzbd,sabnzbd/sabnzbd,07250aa,installamatic-runs/state/sabnzbd-sabnzbd/sabnzbd/runs/installamatic-sabnzbd,,,
previous_block_only_rollback,installamatic-runs,sciphi-ai-r2r,SciPhi-AI/R2R,712defb,installamatic-runs/state/sciphi-ai-r2r/R2R/runs/installamatic-r2r,,,
previous_block_only_rollback,installamatic-runs,soimort-you-get,soimort/you-get,c4042d0,installamatic-runs/state/soimort-you-get/you-get/runs/installamatic-you-get,,,
previous_block_only_rollback,installamatic-runs,speechbrain-speechbrain,speechbrain/speechbrain,dd65e12,installamatic-runs/state/speechbrain-speechbrain/speechbrain/runs/installamatic-speechbrain,,,
previous_block_only_rollback,installamatic-runs,tiangolo-fastapi,tiangolo/fastapi,212fd5e,installamatic-runs/state/tiangolo-fastapi/fastapi/runs/installamatic-fastapi,,,
previous_block_only_rollback,installamatic-runs,tqdm-tqdm,tqdm/tqdm,951a2ba,installamatic-runs/state/tqdm-tqdm/tqdm/runs/installamatic-tqdm,,,
previous_block_only_rollback,installamatic-runs,vainf-torch-pruning,VainF/Torch-Pruning,88e7472,installamatic-runs/state/vainf-torch-pruning/Torch-Pruning/runs/installamatic-torch-pruning,,,
previous_block_only_rollback,installamatic-runs-rerun-failures-2,cvhub520-x-anylabeling,CVHub520/X-AnyLabeling,7c62ffb,installamatic-runs-rerun-failures-2/state/cvhub520-x-anylabeling/X-AnyLabeling/runs/installamatic-x-anylabeling,,,
previous_block_only_rollback,installamatic-runs-rerun-failures-2,home-assistant-core,home-assistant/core,7555f20,installamatic-runs-rerun-failures-2/state/home-assistant-core/core/runs/installamatic-core,,,
previous_block_only_rollback,installamatic-runs-rerun-failures-2,jxnl-instructor,jxnl/instructor,959097e,installamatic-runs-rerun-failures-2/state/jxnl-instructor/instructor/runs/installamatic-instructor,,,
previous_block_only_rollback,installamatic-runs-rerun-failures-2,mandarons-icloud-drive-docker,mandarons/icloud-drive-docker,8cbcc2c,installamatic-runs-rerun-failures-2/state/mandarons-icloud-drive-docker/icloud-drive-docker/runs/installamatic-icloud-drive-docker,,,
previous_block_only_rollback,installamatic-runs-rerun-failures-2,microsoft-qlib,microsoft/qlib,ca9f186,installamatic-runs-rerun-failures-2/state/microsoft-qlib/qlib/runs/installamatic-qlib,,,
previous_block_only_rollback,installamatic-runs-rerun-failures-2,open-compass-opencompass,open-compass/opencompass,7c7fa36,installamatic-runs-rerun-failures-2/state/open-compass-opencompass/opencompass/runs/installamatic-opencompass,,,
previous_block_only_rollback,installamatic-runs-rerun-failures-2,python-mypy,python/mypy,0c10367,installamatic-runs-rerun-failures-2/state/python-mypy/mypy/runs/installamatic-mypy,,,
previous_block_only_rollback,installamatic-runs-rerun-failures-2,sciphi-ai-r2r,SciPhi-AI/R2R,712defb,installamatic-runs-rerun-failures-2/state/sciphi-ai-r2r/R2R/runs/installamatic-r2r,,,
previous_block_only_rollback,installamatic-runs-rerun-failures-2,soimort-you-get,soimort/you-get,c4042d0,installamatic-runs-rerun-failures-2/state/soimort-you-get/you-get/runs/installamatic-you-get,,,
previous_block_only_rollback,installamatic-runs-rerun-failures-2,speechbrain-speechbrain,speechbrain/speechbrain,dd65e12,installamatic-runs-rerun-failures-2/state/speechbrain-speechbrain/speechbrain/runs/installamatic-speechbrain,,,
previous_block_only_rollback,installamatic-runs-rerun-failures-2,tiangolo-fastapi,tiangolo/fastapi,212fd5e,installamatic-runs-rerun-failures-2/state/tiangolo-fastapi/fastapi/runs/installamatic-fastapi,,,
previous_block_only_rollback,installamatic-runs-rerun-failures-2,vainf-torch-pruning,VainF/Torch-Pruning,88e7472,installamatic-runs-rerun-failures-2/state/vainf-torch-pruning/Torch-Pruning/runs/installamatic-torch-pruning,,,
previous_block_only_rollback,installamatic-runs-rerun-failures-3,cvhub520-x-anylabeling,CVHub520/X-AnyLabeling,7c62ffb,installamatic-runs-rerun-failures-3/state/cvhub520-x-anylabeling/X-AnyLabeling/runs/installamatic-x-anylabeling,,,
previous_block_only_rollback,installamatic-runs-rerun-failures-3,home-assistant-core,home-assistant/core,7555f20,installamatic-runs-rerun-failures-3/state/home-assistant-core/core/runs/installamatic-core,,,
previous_block_only_rollback,installamatic-runs-rerun-failures-3,jxnl-instructor,jxnl/instructor,959097e,installamatic-runs-rerun-failures-3/state/jxnl-instructor/instructor/runs/installamatic-instructor,,,
previous_block_only_rollback,installamatic-runs-rerun-failures-3,mandarons-icloud-drive-docker,mandarons/icloud-drive-docker,8cbcc2c,installamatic-runs-rerun-failures-3/state/mandarons-icloud-drive-docker/icloud-drive-docker/runs/installamatic-icloud-drive-docker,,,
previous_block_only_rollback,installamatic-runs-rerun-failures-3,microsoft-qlib,microsoft/qlib,ca9f186,installamatic-runs-rerun-failures-3/state/microsoft-qlib/qlib/runs/installamatic-qlib,,,
previous_block_only_rollback,installamatic-runs-rerun-failures-3,open-compass-opencompass,open-compass/opencompass,7c7fa36,installamatic-runs-rerun-failures-3/state/open-compass-opencompass/opencompass/runs/installamatic-opencompass,,,
previous_block_only_rollback,installamatic-runs-rerun-failures-3,python-mypy,python/mypy,0c10367,installamatic-runs-rerun-failures-3/state/python-mypy/mypy/runs/installamatic-mypy,,,
previous_block_only_rollback,installamatic-runs-rerun-failures-3,sciphi-ai-r2r,SciPhi-AI/R2R,712defb,installamatic-runs-rerun-failures-3/state/sciphi-ai-r2r/R2R/runs/installamatic-r2r,,,
previous_block_only_rollback,installamatic-runs-rerun-failures-3,speechbrain-speechbrain,speechbrain/speechbrain,dd65e12,installamatic-runs-rerun-failures-3/state/speechbrain-speechbrain/speechbrain/runs/installamatic-speechbrain,,,
previous_block_only_rollback,installamatic-runs-rerun-failures-3,tiangolo-fastapi,tiangolo/fastapi,212fd5e,installamatic-runs-rerun-failures-3/state/tiangolo-fastapi/fastapi/runs/installamatic-fastapi,,,
previous_block_only_rollback,projects-repo2run,AdvancedLivePortrait-WebUI,,,projects-repo2run/AdvancedLivePortrait-WebUI/.pheragent/runs/repo2run-gpt-4o-20241120-advancedliveportrait-webui,,,
previous_block_only_rollback,projects-repo2run,AlphaCodium,,,projects-repo2run/AlphaCodium/.pheragent/runs/repo2run-gpt-4o-20241120-alphacodium,,,
previous_block_only_rollback,projects-repo2run,ClaudeSync,,,projects-repo2run/ClaudeSync/.pheragent/runs/repo2run-gpt-4o-20241120-claudesync,,,
previous_block_only_rollback,projects-repo2run,CodeFuse-muAgent,,,projects-repo2run/CodeFuse-muAgent/.pheragent/runs/repo2run-gpt-4o-20241120-codefuse-muagent,,,
previous_block_only_rollback,projects-repo2run,ComfyUI_omost,,,projects-repo2run/ComfyUI_omost/.pheragent/runs/repo2run-gpt-4o-20241120-comfyui-omost,,,
previous_block_only_rollback,projects-repo2run,DeepSpeedFugaku,,,projects-repo2run/DeepSpeedFugaku/.pheragent/runs/repo2run-gpt-4o-20241120-deepspeedfugaku,,,
previous_block_only_rollback,projects-repo2run,ENOVA,,,projects-repo2run/ENOVA/.pheragent/runs/repo2run-gpt-4o-20241120-enova,,,
previous_block_only_rollback,projects-repo2run,ExtractThinker,,,projects-repo2run/ExtractThinker/.pheragent/runs/repo2run-gpt-4o-20241120-extractthinker,,,
previous_block_only_rollback,projects-repo2run,FuzzTypes,,,projects-repo2run/FuzzTypes/.pheragent/runs/repo2run-gpt-4o-20241120-fuzztypes,,,
previous_block_only_rollback,projects-repo2run,GiT,,,projects-repo2run/GiT/.pheragent/runs/repo2run-gpt-4o-20241120-git,,,
previous_block_only_rollback,projects-repo2run,GraphRAG-SDK,,,projects-repo2run/GraphRAG-SDK/.pheragent/runs/repo2run-gpt-4o-20241120-graphrag-sdk,,,
previous_block_only_rollback,projects-repo2run,Grimoire,,,projects-repo2run/Grimoire/.pheragent/runs/repo2run-gpt-4o-20241120-grimoire,,,
previous_block_only_rollback,projects-repo2run,HiGPT,,,projects-repo2run/HiGPT/.pheragent/runs/repo2run-gpt-4o-20241120-higpt,,,
previous_block_only_rollback,projects-repo2run,LKAN,,,projects-repo2run/LKAN/.pheragent/runs/repo2run-gpt-4o-20241120-lkan,,,
previous_block_only_rollback,projects-repo2run,LaVague,,,projects-repo2run/LaVague/.pheragent/runs/repo2run-gpt-4o-20241120-lavague,,,
previous_block_only_rollback,projects-repo2run,MultiModalMamba,,,projects-repo2run/MultiModalMamba/.pheragent/runs/repo2run-gpt-4o-20241120-multimodalmamba,,,
previous_block_only_rollback,projects-repo2run,Open-Sora,,,projects-repo2run/Open-Sora/.pheragent/runs/repo2run-gpt-4o-20241120-open-sora,,,
previous_block_only_rollback,projects-repo2run,ReAct,,,projects-repo2run/ReAct/.pheragent/runs/repo2run-gpt-4o-20241120-react,,,
previous_block_only_rollback,projects-repo2run,Speech-AI-Forge,,,projects-repo2run/Speech-AI-Forge/.pheragent/runs/repo2run-gpt-4o-20241120-speech-ai-forge,,,
previous_block_only_rollback,projects-repo2run,TensorHue,,,projects-repo2run/TensorHue/.pheragent/runs/repo2run-gpt-4o-20241120-tensorhue,,,
previous_block_only_rollback,projects-repo2run,TransOPT,,,projects-repo2run/TransOPT/.pheragent/runs/repo2run-gpt-4o-20241120-transopt,,,
previous_block_only_rollback,projects-repo2run,TrustRAG,,,projects-repo2run/TrustRAG/.pheragent/runs/repo2run-gpt-4o-20241120-trustrag,,,
previous_block_only_rollback,projects-repo2run,UrbanGPT,,,projects-repo2run/UrbanGPT/.pheragent/runs/repo2run-gpt-4o-20241120-urbangpt,,,
previous_block_only_rollback,projects-repo2run,Yuan2.0-M32,,,projects-repo2run/Yuan2.0-M32/.pheragent/runs/repo2run-gpt-4o-20241120-yuan2-0-m32,,,
previous_block_only_rollback,projects-repo2run,access,,,projects-repo2run/access/.pheragent/runs/repo2run-gpt-4o-20241120-access,,,
previous_block_only_rollback,projects-repo2run,agent-zero,,,projects-repo2run/agent-zero/.pheragent/runs/repo2run-gpt-4o-20241120-agent-zero,,,
previous_block_only_rollback,projects-repo2run,audioseal,,,projects-repo2run/audioseal/.pheragent/runs/repo2run-gpt-4o-20241120-audioseal,,,
previous_block_only_rollback,projects-repo2run,beaverhabits,,,projects-repo2run/beaverhabits/.pheragent/runs/repo2run-gpt-4o-20241120-beaverhabits,,,
previous_block_only_rollback,projects-repo2run,co-op-translator,,,projects-repo2run/co-op-translator/.pheragent/runs/repo2run-gpt-4o-20241120-co-op-translator,,,
previous_block_only_rollback,projects-repo2run,datachain,,,projects-repo2run/datachain/.pheragent/runs/repo2run-gpt-4o-20241120-datachain,,,
previous_block_only_rollback,projects-repo2run,digital-cousins,,,projects-repo2run/digital-cousins/.pheragent/runs/repo2run-gpt-4o-20241120-digital-cousins,,,
previous_block_only_rollback,projects-repo2run,droid_policy_learning,,,projects-repo2run/droid_policy_learning/.pheragent/runs/repo2run-gpt-4o-20241120-droid-policy-learning,,,
previous_block_only_rollback,projects-repo2run,dsRAG,,,projects-repo2run/dsRAG/.pheragent/runs/repo2run-gpt-4o-20241120-dsrag,,,
previous_block_only_rollback,projects-repo2run,fastapi-cli,,,projects-repo2run/fastapi-cli/.pheragent/runs/repo2run-gpt-4o-20241120-fastapi-cli,,,
previous_block_only_rollback,projects-repo2run,fastfit,,,projects-repo2run/fastfit/.pheragent/runs/repo2run-gpt-4o-20241120-fastfit,,,
previous_block_only_rollback,projects-repo2run,felafax,,,projects-repo2run/felafax/.pheragent/runs/repo2run-gpt-4o-20241120-felafax,,,
previous_block_only_rollback,projects-repo2run,flash-diffusion,,,projects-repo2run/flash-diffusion/.pheragent/runs/repo2run-gpt-4o-20241120-flash-diffusion,,,
previous_block_only_rollback,projects-repo2run,fms-fsdp,,,projects-repo2run/fms-fsdp/.pheragent/runs/repo2run-gpt-4o-20241120-fms-fsdp,,,
previous_block_only_rollback,projects-repo2run,goose,,,projects-repo2run/goose/.pheragent/runs/repo2run-gpt-4o-20241120-goose,,,
previous_block_only_rollback,projects-repo2run,gpustack,,,projects-repo2run/gpustack/.pheragent/runs/repo2run-gpt-4o-20241120-gpustack,,,
previous_block_only_rollback,projects-repo2run,hailo-rpi5-examples,,,projects-repo2run/hailo-rpi5-examples/.pheragent/runs/repo2run-gpt-4o-20241120-hailo-rpi5-examples,,,
previous_block_only_rollback,projects-repo2run,hng_boilerplate_python_fastapi_web,,,projects-repo2run/hng_boilerplate_python_fastapi_web/.pheragent/runs/repo2run-gpt-4o-20241120-hng-boilerplate-python-fastapi-web,,,
previous_block_only_rollback,projects-repo2run,horus,,,projects-repo2run/horus/.pheragent/runs/repo2run-gpt-4o-20241120-horus,,,
previous_block_only_rollback,projects-repo2run,hydra,,,projects-repo2run/hydra/.pheragent/runs/repo2run-gpt-4o-20241120-hydra,,,
previous_block_only_rollback,projects-repo2run,infini-transformer,,,projects-repo2run/infini-transformer/.pheragent/runs/repo2run-gpt-4o-20241120-infini-transformer,,,
previous_block_only_rollback,projects-repo2run,llumnix,,,projects-repo2run/llumnix/.pheragent/runs/repo2run-gpt-4o-20241120-llumnix,,,
previous_block_only_rollback,projects-repo2run,mamba-tabular,,,projects-repo2run/mamba-tabular/.pheragent/runs/repo2run-gpt-4o-20241120-mamba-tabular,,,
previous_block_only_rollback,projects-repo2run,mflux,,,projects-repo2run/mflux/.pheragent/runs/repo2run-gpt-4o-20241120-mflux,,,
previous_block_only_rollback,projects-repo2run,minbpe,,,projects-repo2run/minbpe/.pheragent/runs/repo2run-gpt-4o-20241120-minbpe,,,
previous_block_only_rollback,projects-repo2run,mlfz,,,projects-repo2run/mlfz/.pheragent/runs/repo2run-gpt-4o-20241120-mlfz,,,
previous_block_only_rollback,projects-repo2run,n-levels-of-rag,,,projects-repo2run/n-levels-of-rag/.pheragent/runs/repo2run-gpt-4o-20241120-n-levels-of-rag,,,
previous_block_only_rollback,projects-repo2run,nano-graphrag,,,projects-repo2run/nano-graphrag/.pheragent/runs/repo2run-gpt-4o-20241120-nano-graphrag,,,
previous_block_only_rollback,projects-repo2run,nerf-on-the-go,,,projects-repo2run/nerf-on-the-go/.pheragent/runs/repo2run-gpt-4o-20241120-nerf-on-the-go,,,
previous_block_only_rollback,projects-repo2run,pi-nexus-autonomous-banking-network,,,projects-repo2run/pi-nexus-autonomous-banking-network/.pheragent/runs/repo2run-gpt-4o-20241120-pi-nexus-autonomous-banking-network,,,
previous_block_only_rollback,projects-repo2run,pocketgroq,,,projects-repo2run/pocketgroq/.pheragent/runs/repo2run-gpt-4o-20241120-pocketgroq,,,
previous_block_only_rollback,projects-repo2run,pypalettes,,,projects-repo2run/pypalettes/.pheragent/runs/repo2run-gpt-4o-20241120-pypalettes,,,
previous_block_only_rollback,projects-repo2run,ragbuilder,,,projects-repo2run/ragbuilder/.pheragent/runs/repo2run-gpt-4o-20241120-ragbuilder,,,
previous_block_only_rollback,projects-repo2run,rageval,,,projects-repo2run/rageval/.pheragent/runs/repo2run-gpt-4o-20241120-rageval,,,
previous_block_only_rollback,projects-repo2run,search-agents,,,projects-repo2run/search-agents/.pheragent/runs/repo2run-gpt-4o-20241120-search-agents,,,
previous_block_only_rollback,projects-repo2run,seismometer,,,projects-repo2run/seismometer/.pheragent/runs/repo2run-gpt-4o-20241120-seismometer,,,
previous_block_only_rollback,projects-repo2run,spacy-layout,,,projects-repo2run/spacy-layout/.pheragent/runs/repo2run-gpt-4o-20241120-spacy-layout,,,
previous_block_only_rollback,projects-repo2run,spiritlm,,,projects-repo2run/spiritlm/.pheragent/runs/repo2run-gpt-4o-20241120-spiritlm,,,
previous_block_only_rollback,projects-repo2run,stream-vc,,,projects-repo2run/stream-vc/.pheragent/runs/repo2run-gpt-4o-20241120-stream-vc,,,
previous_block_only_rollback,projects-repo2run,tangermeme,,,projects-repo2run/tangermeme/.pheragent/runs/repo2run-gpt-4o-20241120-tangermeme,,,
previous_block_only_rollback,projects-repo2run,thepipe,,,projects-repo2run/thepipe/.pheragent/runs/repo2run-gpt-4o-20241120-thepipe,,,
previous_block_only_rollback,projects-repo2run,tkeasygui-python,,,projects-repo2run/tkeasygui-python/.pheragent/runs/repo2run-gpt-4o-20241120-tkeasygui-python,,,
previous_block_only_rollback,projects-repo2run,torch-conv-kan,,,projects-repo2run/torch-conv-kan/.pheragent/runs/repo2run-gpt-4o-20241120-torch-conv-kan,,,
previous_block_only_rollback,projects-repo2run,yomitoku,,,projects-repo2run/yomitoku/.pheragent/runs/repo2run-gpt-4o-20241120-yomitoku,,,
previous_block_only_rollback,setupbench-runs-all-gpt-4.1,aarora4-whisper,aarora4/whisper,24bed798a8d7162ac08cc806176cecc46b3cb05a,setupbench-runs-all-gpt-4.1/state/aarora4-whisper/whisper/runs/setupbench-whisper,,,
previous_block_only_rollback,setupbench-runs-all-gpt-4.1,apache-cassandra,apache/cassandra,73cd2c56ca07fc4bd1c77a7a45e1d6e27941fefa,setupbench-runs-all-gpt-4.1/state/apache-cassandra/cassandra/runs/setupbench-cassandra,,,
previous_block_only_rollback,setupbench-runs-all-gpt-4.1,bolsote-isoduration,bolsote/isoduration,ae0bd61507aa04e032402566a2c7c01a0402929c,setupbench-runs-all-gpt-4.1/state/bolsote-isoduration/isoduration/runs/setupbench-isoduration,,,
previous_block_only_rollback,setupbench-runs-all-gpt-4.1,celery-celery,celery/celery,03e3359320c9f72507a32a51ab61605db503da98,setupbench-runs-all-gpt-4.1/state/celery-celery/celery/runs/setupbench-celery,,,
previous_block_only_rollback,setupbench-runs-all-gpt-4.1,dishait-tov-template,dishait/tov-template,39c0898b29f4bf51da8321f765fabd197bd2d592,setupbench-runs-all-gpt-4.1/state/dishait-tov-template/tov-template/runs/setupbench-tov-template,,,
previous_block_only_rollback,setupbench-runs-all-gpt-4.1,dstl-stone-soup,dstl/Stone-Soup,4b6bd37813d4c96e3efa63847ab3f1ea7153a508,setupbench-runs-all-gpt-4.1/state/dstl-stone-soup/Stone-Soup/runs/setupbench-stone-soup,,,
previous_block_only_rollback,setupbench-runs-all-gpt-4.1,falconry-falcon,falconry/falcon,cae50da40454a361fec84e58d4b44bedc5b6c0cd,setupbench-runs-all-gpt-4.1/state/falconry-falcon/falcon/runs/setupbench-falcon,,,
previous_block_only_rollback,setupbench-runs-all-gpt-4.1,fsspec-filesystem-spec,fsspec/filesystem_spec,3ff5fcaff6a4845cdd1985594120105fb35ceb51,setupbench-runs-all-gpt-4.1/state/fsspec-filesystem-spec/filesystem_spec/runs/setupbench-filesystem-spec,,,
previous_block_only_rollback,setupbench-runs-all-gpt-4.1,habitat-sh-habitat,habitat-sh/habitat,5826ff8e54da8985c2aa66b894aa962c4cd5d09b,setupbench-runs-all-gpt-4.1/state/habitat-sh-habitat/habitat/runs/setupbench-habitat,,,
previous_block_only_rollback,setupbench-runs-all-gpt-4.1,microsoft-typescript-vue-starter,microsoft/TypeScript-Vue-Starter,c4517422dac9a539f899d11709ca9f560e51937b,setupbench-runs-all-gpt-4.1/state/microsoft-typescript-vue-starter/TypeScript-Vue-Starter/runs/setupbench-typescript-vue-starter,,,
previous_block_only_rollback,setupbench-runs-all-gpt-4.1,monero-project-monero,monero-project/monero,84685492e63867b72fc6412093273ecd625190d1,setupbench-runs-all-gpt-4.1/state/monero-project-monero/monero/runs/setupbench-monero,,,
previous_block_only_rollback,setupbench-runs-all-gpt-4.1,nedbat-coveragepy,nedbat/coveragepy,9d0eb0237359978b3a650f9da444e7f3ae7233e2,setupbench-runs-all-gpt-4.1/state/nedbat-coveragepy/coveragepy/runs/setupbench-coveragepy,,,
previous_block_only_rollback,setupbench-runs-all-gpt-4.1,nvbn-thefuck,nvbn/thefuck,c7e7e1d884d3bb241ea6448f72a989434c2a35ec,setupbench-runs-all-gpt-4.1/state/nvbn-thefuck/thefuck/runs/setupbench-thefuck,,,
previous_block_only_rollback,setupbench-runs-all-gpt-4.1,openai-openai-node,openai/openai-node,8958d9711b66e0cbacf816b7b4538217016beb0b,setupbench-runs-all-gpt-4.1/state/openai-openai-node/openai-node/runs/setupbench-openai-node,,,
previous_block_only_rollback,setupbench-runs-all-gpt-4.1,openstack-stevedore,openstack/stevedore,51134a4dc04872df9f736e5ae52d4b665c40e364,setupbench-runs-all-gpt-4.1/state/openstack-stevedore/stevedore/runs/setupbench-stevedore,,,
previous_block_only_rollback,setupbench-runs-all-gpt-4.1,ousret-charset-normalizer,Ousret/charset_normalizer,816c998ef70ddb645cc2e3205f632708e365374d,setupbench-runs-all-gpt-4.1/state/ousret-charset-normalizer/charset_normalizer/runs/setupbench-charset-normalizer,,,
previous_block_only_rollback,setupbench-runs-all-gpt-4.1,pallets-click,pallets/click,14f735cf59618941cf2930e633eb77651b1dc7cb,setupbench-runs-all-gpt-4.1/state/pallets-click/click/runs/setupbench-click,,,
previous_block_only_rollback,setupbench-runs-all-gpt-4.1,psf-black,psf/black,c20423249e9d8dfb8581eebbfc67a13984ee45e9,setupbench-runs-all-gpt-4.1/state/psf-black/black/runs/setupbench-black,,,
previous_block_only_rollback,setupbench-runs-all-gpt-4.1,public-apis-public-apis,public-apis/public-apis,b354ba6f4fc596b72db80c5a4051be4d837f6cf6,setupbench-runs-all-gpt-4.1/state/public-apis-public-apis/public-apis/runs/setupbench-public-apis,,,
previous_block_only_rollback,setupbench-runs-all-gpt-4.1,pypa-packaging,pypa/packaging,4493dfcd95a893f676a7aa4bd17c547bea676371,setupbench-runs-all-gpt-4.1/state/pypa-packaging/packaging/runs/setupbench-packaging,,,
previous_block_only_rollback,setupbench-runs-all-gpt-4.1,reflex-dev-reflex,reflex-dev/reflex,8657976a6e4b6b6aef305ee7f6154907bac86870,setupbench-runs-all-gpt-4.1/state/reflex-dev-reflex/reflex/runs/setupbench-reflex,,,
previous_block_only_rollback,setupbench-runs-all-gpt-4.1,ta-lib-ta-lib-python,TA-Lib/ta-lib-python,0c957ed45e6371925cf0e4f44cc06833306c659c,setupbench-runs-all-gpt-4.1/state/ta-lib-ta-lib-python/ta-lib-python/runs/setupbench-ta-lib-python,,,
previous_block_only_rollback,setupbench-runs-all-gpt-4.1,testing-cabal-testtools,testing-cabal/testtools,ef5c465bbf95f1915f06ec5a4080809932566757,setupbench-runs-all-gpt-4.1/state/testing-cabal-testtools/testtools/runs/setupbench-testtools,,,
previous_block_only_rollback,setupbench-runs-all-gpt-4.1-2rerun,aarora4-whisper,aarora4/whisper,24bed798a8d7162ac08cc806176cecc46b3cb05a,setupbench-runs-all-gpt-4.1-2rerun/state/aarora4-whisper/whisper/runs/setupbench-whisper,,,
previous_block_only_rollback,setupbench-runs-all-gpt-4.1-2rerun,apache-cassandra,apache/cassandra,73cd2c56ca07fc4bd1c77a7a45e1d6e27941fefa,setupbench-runs-all-gpt-4.1-2rerun/state/apache-cassandra/cassandra/runs/setupbench-cassandra,,,
previous_block_only_rollback,setupbench-runs-all-gpt-4.1-2rerun,dishait-tov-template,dishait/tov-template,39c0898b29f4bf51da8321f765fabd197bd2d592,setupbench-runs-all-gpt-4.1-2rerun/state/dishait-tov-template/tov-template/runs/setupbench-tov-template,,,
previous_block_only_rollback,setupbench-runs-all-gpt-4.1-2rerun,dstl-stone-soup,dstl/Stone-Soup,4b6bd37813d4c96e3efa63847ab3f1ea7153a508,setupbench-runs-all-gpt-4.1-2rerun/state/dstl-stone-soup/Stone-Soup/runs/setupbench-stone-soup,,,
previous_block_only_rollback,setupbench-runs-all-gpt-4.1-2rerun,fsspec-filesystem-spec,fsspec/filesystem_spec,3ff5fcaff6a4845cdd1985594120105fb35ceb51,setupbench-runs-all-gpt-4.1-2rerun/state/fsspec-filesystem-spec/filesystem_spec/runs/setupbench-filesystem-spec,,,
previous_block_only_rollback,setupbench-runs-all-gpt-4.1-2rerun,habitat-sh-habitat,habitat-sh/habitat,5826ff8e54da8985c2aa66b894aa962c4cd5d09b,setupbench-runs-all-gpt-4.1-2rerun/state/habitat-sh-habitat/habitat/runs/setupbench-habitat,,,
previous_block_only_rollback,setupbench-runs-all-gpt-4.1-2rerun,microsoft-typescript-vue-starter,microsoft/TypeScript-Vue-Starter,c4517422dac9a539f899d11709ca9f560e51937b,setupbench-runs-all-gpt-4.1-2rerun/state/microsoft-typescript-vue-starter/TypeScript-Vue-Starter/runs/setupbench-typescript-vue-starter,,,
previous_block_only_rollback,setupbench-runs-all-gpt-4.1-2rerun,nedbat-coveragepy,nedbat/coveragepy,9d0eb0237359978b3a650f9da444e7f3ae7233e2,setupbench-runs-all-gpt-4.1-2rerun/state/nedbat-coveragepy/coveragepy/runs/setupbench-coveragepy,,,
previous_block_only_rollback,setupbench-runs-all-gpt-4.1-2rerun,nvbn-thefuck,nvbn/thefuck,c7e7e1d884d3bb241ea6448f72a989434c2a35ec,setupbench-runs-all-gpt-4.1-2rerun/state/nvbn-thefuck/thefuck/runs/setupbench-thefuck,,,
previous_block_only_rollback,setupbench-runs-all-gpt-4.1-2rerun,openai-whisper,openai/whisper,517a43ecd132a2089d85f4ebc044728a71d49f6e,setupbench-runs-all-gpt-4.1-2rerun/state/openai-whisper/whisper/runs/setupbench-whisper,,,
previous_block_only_rollback,setupbench-runs-all-gpt-4.1-2rerun,openstack-stevedore,openstack/stevedore,51134a4dc04872df9f736e5ae52d4b665c40e364,setupbench-runs-all-gpt-4.1-2rerun/state/openstack-stevedore/stevedore/runs/setupbench-stevedore,,,
previous_block_only_rollback,setupbench-runs-all-gpt-4.1-2rerun,ousret-charset-normalizer,Ousret/charset_normalizer,816c998ef70ddb645cc2e3205f632708e365374d,setupbench-runs-all-gpt-4.1-2rerun/state/ousret-charset-normalizer/charset_normalizer/runs/setupbench-charset-normalizer,,,
previous_block_only_rollback,setupbench-runs-all-gpt-4.1-2rerun,pallets-click,pallets/click,14f735cf59618941cf2930e633eb77651b1dc7cb,setupbench-runs-all-gpt-4.1-2rerun/state/pallets-click/click/runs/setupbench-click,,,
previous_block_only_rollback,setupbench-runs-all-gpt-4.1-2rerun,psf-black,psf/black,c20423249e9d8dfb8581eebbfc67a13984ee45e9,setupbench-runs-all-gpt-4.1-2rerun/state/psf-black/black/runs/setupbench-black,,,
previous_block_only_rollback,setupbench-runs-all-gpt-4.1-2rerun,public-apis-public-apis,public-apis/public-apis,b354ba6f4fc596b72db80c5a4051be4d837f6cf6,setupbench-runs-all-gpt-4.1-2rerun/state/public-apis-public-apis/public-apis/runs/setupbench-public-apis,,,
previous_block_only_rollback,setupbench-runs-all-gpt-4.1-2rerun,reflex-dev-reflex,reflex-dev/reflex,8657976a6e4b6b6aef305ee7f6154907bac86870,setupbench-runs-all-gpt-4.1-2rerun/state/reflex-dev-reflex/reflex/runs/setupbench-reflex,,,
previous_block_only_rollback,setupbench-runs-all-gpt-4.1-2rerun,servo-servo,servo/servo,e199a67dac1aa3c74fb86f103c13ae78ce523f20,setupbench-runs-all-gpt-4.1-2rerun/state/servo-servo/servo/runs/setupbench-servo,,,
previous_block_only_rollback,setupbench-runs-all-gpt-4.1-2rerun,testing-cabal-testtools,testing-cabal/testtools,ef5c465bbf95f1915f06ec5a4080809932566757,setupbench-runs-all-gpt-4.1-2rerun/state/testing-cabal-testtools/testtools/runs/setupbench-testtools,,,
previous_block_only_rollback,setupbench-runs-all-gpt-5.4-multiblock,aarora4-whisper,aarora4/whisper,24bed798a8d7162ac08cc806176cecc46b3cb05a,setupbench-runs-all-gpt-5.4-multiblock/state/aarora4-whisper/whisper/runs/setupbench-whisper,,,
previous_block_only_rollback,setupbench-runs-all-gpt-5.4-multiblock,madmaze-pytesseract,madmaze/pytesseract,df9fce0b5c5ea3cd9182fce8870ab9241d951173,setupbench-runs-all-gpt-5.4-multiblock/state/madmaze-pytesseract/pytesseract/runs/setupbench-pytesseract,,,
previous_block_only_rollback,setupbench-runs-all-gpt-5.4-multiblock,monero-project-monero,monero-project/monero,84685492e63867b72fc6412093273ecd625190d1,setupbench-runs-all-gpt-5.4-multiblock/state/monero-project-monero/monero/runs/setupbench-monero,,,
previous_block_only_rollback,setupbench-runs-all-gpt-5.4-multiblock,prometheus-prometheus,prometheus/prometheus,bd5b2ea95ce14fba11db871b4068313408465207,setupbench-runs-all-gpt-5.4-multiblock/state/prometheus-prometheus/prometheus/runs/setupbench-prometheus,,,
previous_block_only_rollback,setupbench-runs-all-gpt-5.4-multiblock,servo-servo,servo/servo,e199a67dac1aa3c74fb86f103c13ae78ce523f20,setupbench-runs-all-gpt-5.4-multiblock/state/servo-servo/servo/runs/setupbench-servo,,,
previous_block_only_rollback,setupbench-runs-all-gpt-5.4-multiblock,ta-lib-ta-lib-python,TA-Lib/ta-lib-python,0c957ed45e6371925cf0e4f44cc06833306c659c,setupbench-runs-all-gpt-5.4-multiblock/state/ta-lib-ta-lib-python/ta-lib-python/runs/setupbench-ta-lib-python,,,
